<?xml version="1.0" encoding="UTF-8"?>
<project-private xmlns="http://www.netbeans.org/ns/project-private/1">
    <editor-bookmarks xmlns="http://www.netbeans.org/ns/editor-bookmarks/2" lastBookmarkId="0"/>
    <open-files xmlns="http://www.netbeans.org/ns/projectui-open-files/2">
        <group>
            <file>file:/C:/Users/Aldo/Documents/NetBeansProjects/TPK/src/Forecast/Menu_Utama.java</file>
            <file>file:/C:/Users/Aldo/Documents/NetBeansProjects/TPK/src/Forecast/Penjualan2_Form.java</file>
            <file>file:/C:/Users/Aldo/Documents/NetBeansProjects/TPK/src/Forecast/Produk_Form.java</file>
            <file>file:/C:/Users/Aldo/Documents/NetBeansProjects/TPK/src/Forecast/Forecast_Form.java</file>
            <file>file:/C:/Users/Aldo/Documents/NetBeansProjects/TPK/src/Forecast/Penjualan_Form.java</file>
            <file>file:/C:/Users/Aldo/Documents/NetBeansProjects/TPK/src/Forecast/Registrasi_Form.java</file>
            <file>file:/C:/Users/Aldo/Documents/NetBeansProjects/TPK/src/Forecast/koneksi.java</file>
            <file>file:/C:/Users/Aldo/Documents/NetBeansProjects/TPK/src/Forecast/Login_Form.java</file>
        </group>
    </open-files>
</project-private>
